-- MySQL Script generated by MySQL Workbench
-- Wed Feb 21 15:02:55 2018
-- Model: New Model    Version: 1.0
-- MySQL Workbench Forward Engineering

SET @OLD_UNIQUE_CHECKS=@@UNIQUE_CHECKS, UNIQUE_CHECKS=0;
SET @OLD_FOREIGN_KEY_CHECKS=@@FOREIGN_KEY_CHECKS, FOREIGN_KEY_CHECKS=0;
SET @OLD_SQL_MODE=@@SQL_MODE, SQL_MODE='TRADITIONAL,ALLOW_INVALID_DATES';

-- -----------------------------------------------------
-- Schema msd15b
-- -----------------------------------------------------
DROP SCHEMA IF EXISTS `msd15b` ;

-- -----------------------------------------------------
-- Schema msd15b
-- -----------------------------------------------------
CREATE SCHEMA IF NOT EXISTS `msd15b` DEFAULT CHARACTER SET utf8 ;
SHOW WARNINGS;
USE `msd15b` ;

-- -----------------------------------------------------
-- Table `msd15b`.`petstore`
-- -----------------------------------------------------
DROP TABLE IF EXISTS `msd15b`.`petstore` ;

SHOW WARNINGS;
CREATE TABLE IF NOT EXISTS `msd15b`.`petstore` (
  `pst_id` SMALLINT UNSIGNED NOT NULL AUTO_INCREMENT,
  `pst_name` VARCHAR(15) NOT NULL,
  `pst_street` VARCHAR(30) NOT NULL,
  `pst_city` VARCHAR(30) NOT NULL,
  `pst_state` CHAR(2) NOT NULL,
  `pst_zip` INT(9) NOT NULL,
  `pst_phone` BIGINT NOT NULL,
  `pst_email` VARCHAR(100) NOT NULL,
  `pst_url` VARCHAR(100) NOT NULL,
  `pst_ytd_sales` DECIMAL(10,2) NOT NULL,
  `pst_notes` VARCHAR(225) NULL,
  PRIMARY KEY (`pst_id`))
ENGINE = InnoDB;

SHOW WARNINGS;

-- -----------------------------------------------------
-- Table `msd15b`.`customer`
-- -----------------------------------------------------
DROP TABLE IF EXISTS `msd15b`.`customer` ;

SHOW WARNINGS;
CREATE TABLE IF NOT EXISTS `msd15b`.`customer` (
  `cus_id` SMALLINT UNSIGNED NOT NULL AUTO_INCREMENT,
  `cus_fname` VARCHAR(15) NOT NULL,
  `cus_lname` VARCHAR(30) NOT NULL,
  `cus_street` VARCHAR(30) NOT NULL,
  `cus_city` VARCHAR(30) NOT NULL,
  `cus_state` CHAR(2) NOT NULL,
  `cus_zip` INT NOT NULL,
  `cus_phone` BIGINT NOT NULL,
  `cus_email` VARCHAR(100) NOT NULL,
  `cus_balance` DECIMAL(6,2) NOT NULL,
  `cus_total_sales` DECIMAL(6,2) NOT NULL,
  `cus_notes` VARCHAR(255) NULL,
  PRIMARY KEY (`cus_id`))
ENGINE = InnoDB;

SHOW WARNINGS;

-- -----------------------------------------------------
-- Table `msd15b`.`pet`
-- -----------------------------------------------------
DROP TABLE IF EXISTS `msd15b`.`pet` ;

SHOW WARNINGS;
CREATE TABLE IF NOT EXISTS `msd15b`.`pet` (
  `pet_id` SMALLINT UNSIGNED NOT NULL AUTO_INCREMENT,
  `pst_id` SMALLINT UNSIGNED NOT NULL,
  `cus_id` SMALLINT UNSIGNED NULL,
  `pet_type` VARCHAR(45) NOT NULL,
  `pet_sex` ENUM('m', 'f') NOT NULL,
  `pet_cost` DECIMAL(6,2) NOT NULL,
  `pet_price` DECIMAL(6,2) NOT NULL,
  `pet_age` TINYINT NOT NULL,
  `pet_color` VARCHAR(30) NOT NULL,
  `pet_sale_date` DATE NULL,
  `pet_vaccine` ENUM('y', 'n') NOT NULL,
  `pet_neuter` ENUM('y', 'n') NOT NULL,
  `pet_notes` VARCHAR(255) NULL,
  PRIMARY KEY (`pet_id`),
  INDEX `fk_pet_petstore_idx` (`pst_id` ASC),
  INDEX `fk_pet_customer1_idx` (`cus_id` ASC),
  CONSTRAINT `fk_pet_petstore`
    FOREIGN KEY (`pst_id`)
    REFERENCES `msd15b`.`petstore` (`pst_id`)
    ON DELETE CASCADE
    ON UPDATE CASCADE,
  CONSTRAINT `fk_pet_customer1`
    FOREIGN KEY (`cus_id`)
    REFERENCES `msd15b`.`customer` (`cus_id`)
    ON DELETE NO ACTION
    ON UPDATE NO ACTION)
ENGINE = InnoDB;

SHOW WARNINGS;

SET SQL_MODE=@OLD_SQL_MODE;
SET FOREIGN_KEY_CHECKS=@OLD_FOREIGN_KEY_CHECKS;
SET UNIQUE_CHECKS=@OLD_UNIQUE_CHECKS;

-- -----------------------------------------------------
-- Data for table `msd15b`.`petstore`
-- -----------------------------------------------------
START TRANSACTION;
USE `msd15b`;
INSERT INTO `msd15b`.`petstore` (`pst_id`, `pst_name`, `pst_street`, `pst_city`, `pst_state`, `pst_zip`, `pst_phone`, `pst_email`, `pst_url`, `pst_ytd_sales`, `pst_notes`) VALUES (1, 'Petters Pets', '157 Beach Parkway', 'Cape Canaveral', 'FL', 32397, 3217320049, 'petts@petterspets.com', 'petterspets.com', 72, NULL);
INSERT INTO `msd15b`.`petstore` (`pst_id`, `pst_name`, `pst_street`, `pst_city`, `pst_state`, `pst_zip`, `pst_phone`, `pst_email`, `pst_url`, `pst_ytd_sales`, `pst_notes`) VALUES (2, 'Johns Dawgs', '716 Bills Street', 'Buffalo', 'NY', 61459, 8192070928, 'john@johnsdawgs.com', 'johnsdawgs.com', 179, NULL);
INSERT INTO `msd15b`.`petstore` (`pst_id`, `pst_name`, `pst_street`, `pst_city`, `pst_state`, `pst_zip`, `pst_phone`, `pst_email`, `pst_url`, `pst_ytd_sales`, `pst_notes`) VALUES (3, 'Sarahs K9\'s', '197 North Lake Circle', 'Salt Lake City', 'UT', 32952, 6130071110, 'sarah@sarahsk9.com', 'sarahsk9.com', 67, NULL);
INSERT INTO `msd15b`.`petstore` (`pst_id`, `pst_name`, `pst_street`, `pst_city`, `pst_state`, `pst_zip`, `pst_phone`, `pst_email`, `pst_url`, `pst_ytd_sales`, `pst_notes`) VALUES (4, 'Pet Supermarket', '1854 Bradfordshire Road', 'Richmond', 'VA', 71902, 7347110279, 'pets@petsupermarket.com', 'petsupermarket.com', 32, NULL);
INSERT INTO `msd15b`.`petstore` (`pst_id`, `pst_name`, `pst_street`, `pst_city`, `pst_state`, `pst_zip`, `pst_phone`, `pst_email`, `pst_url`, `pst_ytd_sales`, `pst_notes`) VALUES (5, 'Kellys Pets', '62 Cubs Drive', 'Chicago', 'IL', 09238, 2330451119, 'kelly@kellyspets.com', 'kellyspets.com', 220, NULL);
INSERT INTO `msd15b`.`petstore` (`pst_id`, `pst_name`, `pst_street`, `pst_city`, `pst_state`, `pst_zip`, `pst_phone`, `pst_email`, `pst_url`, `pst_ytd_sales`, `pst_notes`) VALUES (6, 'SS Pets', '178 Ventura Boulevard', 'San Diego', 'CA', 60492, 8131112229, 'super@sspets.com', 'sspets.com', 92, NULL);
INSERT INTO `msd15b`.`petstore` (`pst_id`, `pst_name`, `pst_street`, `pst_city`, `pst_state`, `pst_zip`, `pst_phone`, `pst_email`, `pst_url`, `pst_ytd_sales`, `pst_notes`) VALUES (7, 'Dog Emporium', '123 SR 528', 'Orlando', 'FL', 40732, 4077620798, 'dogey@doge.com', 'doge.com', 72, NULL);
INSERT INTO `msd15b`.`petstore` (`pst_id`, `pst_name`, `pst_street`, `pst_city`, `pst_state`, `pst_zip`, `pst_phone`, `pst_email`, `pst_url`, `pst_ytd_sales`, `pst_notes`) VALUES (8, 'K9 Castle', '918 Market Drive', 'Seattle', 'WA', 21397, 2130390211, 'david@k9castle.com', 'k9castle', 125, NULL);
INSERT INTO `msd15b`.`petstore` (`pst_id`, `pst_name`, `pst_street`, `pst_city`, `pst_state`, `pst_zip`, `pst_phone`, `pst_email`, `pst_url`, `pst_ytd_sales`, `pst_notes`) VALUES (9, 'Canine Central', '738 High Hill Road', 'Atlanta', 'GA', 50221, 6507630779, 'canine@ccentral.com', 'ccentral.com', 102, NULL);
INSERT INTO `msd15b`.`petstore` (`pst_id`, `pst_name`, `pst_street`, `pst_city`, `pst_state`, `pst_zip`, `pst_phone`, `pst_email`, `pst_url`, `pst_ytd_sales`, `pst_notes`) VALUES (10, 'Pets R Us', '18 Collier Boulevard', 'Massilon', 'OH', 33702, 5142337089, 'sarah@petsrus.com', 'petsrus.com', 47, NULL);

COMMIT;


-- -----------------------------------------------------
-- Data for table `msd15b`.`customer`
-- -----------------------------------------------------
START TRANSACTION;
USE `msd15b`;
INSERT INTO `msd15b`.`customer` (`cus_id`, `cus_fname`, `cus_lname`, `cus_street`, `cus_city`, `cus_state`, `cus_zip`, `cus_phone`, `cus_email`, `cus_balance`, `cus_total_sales`, `cus_notes`) VALUES (1, 'Jim', 'Halpert', '37 Cherry Hill Lane', 'Scranton', 'PA', 81069, 8132379087, 'jhalpert@dmifflin.com', 999, 1, NULL);
INSERT INTO `msd15b`.`customer` (`cus_id`, `cus_fname`, `cus_lname`, `cus_street`, `cus_city`, `cus_state`, `cus_zip`, `cus_phone`, `cus_email`, `cus_balance`, `cus_total_sales`, `cus_notes`) VALUES (2, 'Dwight', 'Schrute', '823 Mullholland Drive', 'Scranton', 'PA', 81069, 2073290021, 'dschrute@dmifflin.com', 799, 1, NULL);
INSERT INTO `msd15b`.`customer` (`cus_id`, `cus_fname`, `cus_lname`, `cus_street`, `cus_city`, `cus_state`, `cus_zip`, `cus_phone`, `cus_email`, `cus_balance`, `cus_total_sales`, `cus_notes`) VALUES (3, 'Michael', 'Scott', '977 Courtney Drive', 'Scranton', 'PA', 81069, 7650109998, 'mscott@dmifflin.com', 0, 0, NULL);
INSERT INTO `msd15b`.`customer` (`cus_id`, `cus_fname`, `cus_lname`, `cus_street`, `cus_city`, `cus_state`, `cus_zip`, `cus_phone`, `cus_email`, `cus_balance`, `cus_total_sales`, `cus_notes`) VALUES (4, 'Stanley', 'Hudson', '1302 Adams Street ', 'Scranton', 'PA', 81069, 8190232764, 'shudson@dmifflin.com', 1199, 1, NULL);
INSERT INTO `msd15b`.`customer` (`cus_id`, `cus_fname`, `cus_lname`, `cus_street`, `cus_city`, `cus_state`, `cus_zip`, `cus_phone`, `cus_email`, `cus_balance`, `cus_total_sales`, `cus_notes`) VALUES (5, 'Andy', 'Bernard', '97 Jefferson Street', 'Scranton', 'PA', 81069, 2033296473, 'abernard@dmifflin.com', 999, 1, NULL);
INSERT INTO `msd15b`.`customer` (`cus_id`, `cus_fname`, `cus_lname`, `cus_street`, `cus_city`, `cus_state`, `cus_zip`, `cus_phone`, `cus_email`, `cus_balance`, `cus_total_sales`, `cus_notes`) VALUES (6, 'Erin', 'Hannon', '12 Apollo Lane', 'Scranton', 'PA', 81069, 3210763057, 'ehannon@dmifflin.com', 799, 1, NULL);
INSERT INTO `msd15b`.`customer` (`cus_id`, `cus_fname`, `cus_lname`, `cus_street`, `cus_city`, `cus_state`, `cus_zip`, `cus_phone`, `cus_email`, `cus_balance`, `cus_total_sales`, `cus_notes`) VALUES (7, 'Oscar', 'Martinez', '1969 Gemini Road', 'Scranton', 'PA', 81069, 7568990220, 'omartinex@dmifflin.com', 0, 0, NULL);
INSERT INTO `msd15b`.`customer` (`cus_id`, `cus_fname`, `cus_lname`, `cus_street`, `cus_city`, `cus_state`, `cus_zip`, `cus_phone`, `cus_email`, `cus_balance`, `cus_total_sales`, `cus_notes`) VALUES (8, 'David', 'Wallace', '512 Kings Road', 'Scranton', 'PA', 81069, 8506440293, 'dwallace@dmifflin.com', 799, 1, NULL);
INSERT INTO `msd15b`.`customer` (`cus_id`, `cus_fname`, `cus_lname`, `cus_street`, `cus_city`, `cus_state`, `cus_zip`, `cus_phone`, `cus_email`, `cus_balance`, `cus_total_sales`, `cus_notes`) VALUES (9, 'Pam', 'Beasley', '12 Market Place Road', 'Scranton', 'PA', 81069, 4075499230, 'pbeasley@dmifflin.com', 0, 0, NULL);
INSERT INTO `msd15b`.`customer` (`cus_id`, `cus_fname`, `cus_lname`, `cus_street`, `cus_city`, `cus_state`, `cus_zip`, `cus_phone`, `cus_email`, `cus_balance`, `cus_total_sales`, `cus_notes`) VALUES (10, 'Toby', 'Flanderson', '18 Loser Lane', 'Scranton', 'PA', 81069, 2798211117, 'tflanderson@dmifflin.com', 899, 1, NULL);

COMMIT;


-- -----------------------------------------------------
-- Data for table `msd15b`.`pet`
-- -----------------------------------------------------
START TRANSACTION;
USE `msd15b`;
INSERT INTO `msd15b`.`pet` (`pet_id`, `pst_id`, `cus_id`, `pet_type`, `pet_sex`, `pet_cost`, `pet_price`, `pet_age`, `pet_color`, `pet_sale_date`, `pet_vaccine`, `pet_neuter`, `pet_notes`) VALUES (1, 2, 2, 'Golden Retriever', 'm', 599, 799, 3, 'Yellow', '2018-02-03', 'y', 'y', NULL);
INSERT INTO `msd15b`.`pet` (`pet_id`, `pst_id`, `cus_id`, `pet_type`, `pet_sex`, `pet_cost`, `pet_price`, `pet_age`, `pet_color`, `pet_sale_date`, `pet_vaccine`, `pet_neuter`, `pet_notes`) VALUES (2, 5, 1, 'Giant Schnauzer', 'm', 799, 999, 4, 'Black', '2018-01-07', 'y', 'y', NULL);
INSERT INTO `msd15b`.`pet` (`pet_id`, `pst_id`, `cus_id`, `pet_type`, `pet_sex`, `pet_cost`, `pet_price`, `pet_age`, `pet_color`, `pet_sale_date`, `pet_vaccine`, `pet_neuter`, `pet_notes`) VALUES (3, 5, 5, 'German Shepherd', 'f', 799, 999, 1, 'Black', '2017-12-05', 'y', 'y', NULL);
INSERT INTO `msd15b`.`pet` (`pet_id`, `pst_id`, `cus_id`, `pet_type`, `pet_sex`, `pet_cost`, `pet_price`, `pet_age`, `pet_color`, `pet_sale_date`, `pet_vaccine`, `pet_neuter`, `pet_notes`) VALUES (4, 3, NULL, 'Australian Shepherd', 'm', 699, 999, 3, 'Light Brown', NULL, 'n', 'n', NULL);
INSERT INTO `msd15b`.`pet` (`pet_id`, `pst_id`, `cus_id`, `pet_type`, `pet_sex`, `pet_cost`, `pet_price`, `pet_age`, `pet_color`, `pet_sale_date`, `pet_vaccine`, `pet_neuter`, `pet_notes`) VALUES (5, 4, NULL, 'Beagle', 'f', 499, 599, 7, 'Mixed', NULL, 'n', 'n', NULL);
INSERT INTO `msd15b`.`pet` (`pet_id`, `pst_id`, `cus_id`, `pet_type`, `pet_sex`, `pet_cost`, `pet_price`, `pet_age`, `pet_color`, `pet_sale_date`, `pet_vaccine`, `pet_neuter`, `pet_notes`) VALUES (6, 8, 6, 'English Bulldog', 'f', 599, 799, 4, 'White', '2018-02-14', 'y', 'y', NULL);
INSERT INTO `msd15b`.`pet` (`pet_id`, `pst_id`, `cus_id`, `pet_type`, `pet_sex`, `pet_cost`, `pet_price`, `pet_age`, `pet_color`, `pet_sale_date`, `pet_vaccine`, `pet_neuter`, `pet_notes`) VALUES (7, 6, 8, 'French Bulldog', 'm', 599, 799, 5, 'White', '2018-02-01', 'y', 'y', NULL);
INSERT INTO `msd15b`.`pet` (`pet_id`, `pst_id`, `cus_id`, `pet_type`, `pet_sex`, `pet_cost`, `pet_price`, `pet_age`, `pet_color`, `pet_sale_date`, `pet_vaccine`, `pet_neuter`, `pet_notes`) VALUES (8, 9, 4, 'Doberman', 'f', 899, 1199, 5, 'Black', '2017-11-29', 'y', 'y', NULL);
INSERT INTO `msd15b`.`pet` (`pet_id`, `pst_id`, `cus_id`, `pet_type`, `pet_sex`, `pet_cost`, `pet_price`, `pet_age`, `pet_color`, `pet_sale_date`, `pet_vaccine`, `pet_neuter`, `pet_notes`) VALUES (9, 10, NULL, 'English Terrier', 'm', 399, 699, 2, 'White', NULL, 'y', 'n', NULL);
INSERT INTO `msd15b`.`pet` (`pet_id`, `pst_id`, `cus_id`, `pet_type`, `pet_sex`, `pet_cost`, `pet_price`, `pet_age`, `pet_color`, `pet_sale_date`, `pet_vaccine`, `pet_neuter`, `pet_notes`) VALUES (10, 4, 10, 'Labradoodle', 'm', 699, 899, 1, 'Brown', '2018-02-20', 'y', 'y', NULL);

COMMIT;

